id;titulo;contenido;autor;foto
1;¿Cómo optimizar código relacionado con motores gráficos?;Estoy trabajando con motores gráficos y me surgió una duda relacionada. ¿Cómo optimizar código relacionado con motores gráficos?;9;
2;¿Cómo puedo mejorar mi trabajo con estructuras de datos?;Estoy trabajando con estructuras de datos y me surgió una duda relacionada. ¿Qué errores comunes existen al trabajar con estructuras de datos?;7;
3;¿Cuál es la mejor forma de aprender bases de datos?;Estoy trabajando con bases de datos y me surgió una duda relacionada. ¿Cómo optimizar código relacionado con bases de datos?;7;
4;¿Qué errores comunes existen al trabajar con desarrollo web?;Estoy trabajando con desarrollo web y me surgió una duda relacionada. Tengo dudas sobre desarrollo web, ¿alguna recomendación?;9;
5;¿Cómo optimizar código relacionado con videojuegos retro?;Estoy trabajando con videojuegos retro y me surgió una duda relacionada. Tengo dudas sobre videojuegos retro, ¿alguna recomendación?;9;
6;¿Cómo optimizar código relacionado con desarrollo web?;Estoy trabajando con desarrollo web y me surgió una duda relacionada. ¿Cómo puedo mejorar mi trabajo con desarrollo web?;8;
7;¿Cómo puedo mejorar mi trabajo con bases de datos?;Estoy trabajando con bases de datos y me surgió una duda relacionada. ¿Cómo puedo mejorar mi trabajo con bases de datos?;9;
8;¿Cuál es la mejor forma de aprender algoritmos?;Estoy trabajando con algoritmos y me surgió una duda relacionada. ¿Qué errores comunes existen al trabajar con algoritmos?;7;
9;¿Cómo optimizar código relacionado con motores gráficos?;Estoy trabajando con motores gráficos y me surgió una duda relacionada. ¿Cómo puedo mejorar mi trabajo con motores gráficos?;10;
10;¿Qué errores comunes existen al trabajar con programación en Python?;Estoy trabajando con programación en Python y me surgió una duda relacionada. ¿Cómo puedo mejorar mi trabajo con programación en Python?;8;
11;¿Cómo puedo mejorar mi trabajo con motores gráficos?;Estoy trabajando con motores gráficos y me surgió una duda relacionada. ¿Qué errores comunes existen al trabajar con motores gráficos?;1;
12;¿Qué errores comunes existen al trabajar con programación en Python?;Estoy trabajando con programación en Python y me surgió una duda relacionada. ¿Qué errores comunes existen al trabajar con programación en Python?;3;
13;¿Cómo puedo mejorar mi trabajo con algoritmos?;Estoy trabajando con algoritmos y me surgió una duda relacionada. ¿Qué errores comunes existen al trabajar con algoritmos?;1;
14;¿Qué errores comunes existen al trabajar con desarrollo web?;Estoy trabajando con desarrollo web y me surgió una duda relacionada. ¿Qué errores comunes existen al trabajar con desarrollo web?;7;
15;Tengo dudas sobre motores gráficos, ¿alguna recomendación?;Estoy trabajando con motores gráficos y me surgió una duda relacionada. Tengo dudas sobre motores gráficos, ¿alguna recomendación?;8;
16;¿Cómo optimizar código relacionado con microcontroladores?;Estoy trabajando con microcontroladores y me surgió una duda relacionada. ¿Cuál es la mejor forma de aprender microcontroladores?;8;
17;¿Cuál es la mejor forma de aprender microcontroladores?;Estoy trabajando con microcontroladores y me surgió una duda relacionada. ¿Cuál es la mejor forma de aprender microcontroladores?;6;
18;¿Qué errores comunes existen al trabajar con programación en Python?;Estoy trabajando con programación en Python y me surgió una duda relacionada. ¿Cómo optimizar código relacionado con programación en Python?;5;
19;Tengo dudas sobre bases de datos, ¿alguna recomendación?;Estoy trabajando con bases de datos y me surgió una duda relacionada. ¿Cómo puedo mejorar mi trabajo con bases de datos?;10;
20;¿Qué errores comunes existen al trabajar con desarrollo web?;Estoy trabajando con desarrollo web y me surgió una duda relacionada. Tengo dudas sobre desarrollo web, ¿alguna recomendación?;3;
21;¿Cómo optimizar código relacionado con algoritmos?;Estoy trabajando con algoritmos y me surgió una duda relacionada. Tengo dudas sobre algoritmos, ¿alguna recomendación?;10;
22;¿Qué errores comunes existen al trabajar con estructuras de datos?;Estoy trabajando con estructuras de datos y me surgió una duda relacionada. ¿Cómo puedo mejorar mi trabajo con estructuras de datos?;5;
23;¿Cómo puedo mejorar mi trabajo con electrónica digital?;Estoy trabajando con electrónica digital y me surgió una duda relacionada. Tengo dudas sobre electrónica digital, ¿alguna recomendación?;3;
24;¿Cómo puedo mejorar mi trabajo con electrónica digital?;Estoy trabajando con electrónica digital y me surgió una duda relacionada. ¿Cómo puedo mejorar mi trabajo con electrónica digital?;2;
25;¿Qué errores comunes existen al trabajar con programación en Python?;Estoy trabajando con programación en Python y me surgió una duda relacionada. ¿Qué errores comunes existen al trabajar con programación en Python?;7;
